stop_id,station_name,latitude,longitude,nearest_bus_stop_m,bus_stops_within_500m,nearest_bus_stop,nearest_bus_stop_id,metro_route_count,metro_trip_count,line,interchange_flag,network_role,route_coverage_score,first_mile_proximity_score,bus_stop_density_score,network_first_mile_screening_index,first_mile_band
CMRL_01,Wimco Nagar Depot,13.183971,80.308994,38.5,8,I T C,7639,1,32,Blue Line,0,Operational,0.5,0.956219596942321,0.5,65.2,Strong (<250m)
CMRL_02,Wimco Nagar,13.17929,80.307344,21.2,4,Wimco Nagar,10545,0,0,Not scheduled in sampled trips,0,Operational,0.0,0.9862751911049338,0.25,41.2,Strong (<250m)
CMRL_03,Thiruvottriyur,13.171803,80.305226,42.0,6,Thiruvottiyur Ajax Bus Depot,10539,0,0,Not scheduled in sampled trips,0,Operational,0.0,0.9501389854065322,0.375,44.2,Strong (<250m)
CMRL_04,Thiruvottriyur Theradi,13.165144,80.303538,85.1,8,Thiruvottiyur Market,7510,0,0,Not scheduled in sampled trips,0,Operational,0.0,0.875260597637248,0.5,45.8,Strong (<250m)
CMRL_05,Kaladipet,13.160215,80.30244,48.4,16,Theradi,7480,0,0,Not scheduled in sampled trips,0,Operational,0.0,0.9390201528839471,1.0,64.6,Strong (<250m)
CMRL_06,Tollgate,13.15452,80.300927,86.4,10,Thiruvottiyur Police Station,7422,0,0,Not scheduled in sampled trips,0,Operational,0.0,0.873002084781098,0.625,49.9,Strong (<250m)
CMRL_07,New Washermanpet,13.148703,80.2994,154.9,8,Thangal,7378,0,0,Not scheduled in sampled trips,0,Operational,0.0,0.753995830437804,0.5,41.8,Strong (<250m)
CMRL_08,Tondiarpet,13.142521,80.296063,141.0,8,Toll Gate Terminus,10931,0,0,Not scheduled in sampled trips,0,Operational,0.0,0.7781445448227935,0.5,42.6,Strong (<250m)
CMRL_09,Sri Theagaraya College,13.135847,80.29231,119.3,10,Lakshmi Amman Kovil,7240,0,0,Not scheduled in sampled trips,0,Operational,0.0,0.8158443363446837,0.625,48.0,Strong (<250m)
CMRL_10,Washermanpet,13.128798,80.288949,173.8,16,Apollo Or Cholera Hospital,10456,0,0,Not scheduled in sampled trips,0,Operational,0.0,0.7211605281445448,1.0,57.4,Strong (<250m)
CMRL_11,Mannadi,13.108962,80.277531,230.2,13,Pencil Factory,6873,0,0,Not scheduled in sampled trips,0,Operational,0.0,0.6231758165392633,0.8125,47.9,Strong (<250m)
CMRL_12,High Court,13.088011,80.268435,199.5,10,Nehru Stadium Or Taluka Office,10320,0,0,Not scheduled in sampled trips,0,Operational,0.0,0.6765114662960389,0.625,43.4,Strong (<250m)
CMRL_13,Puratchi Thalaivar Dr. M.G. Ramachandran Central,13.081767,80.27391,22.9,13,Park Station,101,0,0,Not scheduled in sampled trips,0,Operational,0.0,0.9833217512161223,0.8125,59.9,Strong (<250m)
CMRL_14,Government Estate,13.069338,80.272086,158.5,12,D1 Police Station,1091,0,0,Not scheduled in sampled trips,0,Operational,0.0,0.7477414871438498,0.75,49.9,Strong (<250m)
CMRL_15,LIC,13.064762,80.26625,13.3,9,Lic,65,0,0,Not scheduled in sampled trips,0,Operational,0.0,1.0,0.5625,52.1,Strong (<250m)
CMRL_16,Thousand Lights,13.057176,80.26153,310.8,13,Spencer Plaza TVS,128,0,0,Not scheduled in sampled trips,0,Operational,0.0,0.4831480194579568,0.8125,43.2,Moderate (250–500m)
CMRL_17,AG-DMS,13.0457,80.254562,200.9,4,Stella Marys College,5651,0,0,Not scheduled in sampled trips,0,Operational,0.0,0.6740792216817234,0.25,30.8,Strong (<250m)
CMRL_18,Teynampet,13.0368,80.246419,39.8,14,Teynampet Metro,152,0,0,Not scheduled in sampled trips,0,Operational,0.0,0.953961084086171,0.875,61.0,Strong (<250m)
CMRL_19,Nandanam,13.030976,80.241073,76.4,9,Nandanam Metro,91,0,0,Not scheduled in sampled trips,0,Operational,0.0,0.8903752605976372,0.5625,48.4,Strong (<250m)
CMRL_20,Saidapet,13.021404,80.231981,231.6,3,Todd Hunter Nagar,9163,0,0,Not scheduled in sampled trips,0,Operational,0.0,0.6207435719249478,0.1875,26.9,Strong (<250m)
CMRL_21,Little Mount,13.012085,80.223243,81.7,13,Velachery Main Road (Concord),5447,0,0,Not scheduled in sampled trips,0,Operational,0.0,0.8811674774148713,0.8125,56.5,Strong (<250m)
CMRL_22,Guindy,13.008602,80.218687,308.1,8,M.G.R Medical University,10175,0,0,Not scheduled in sampled trips,0,Operational,0.0,0.4878387769284224,0.5,32.9,Moderate (250–500m)
CMRL_23,Arignar Anna Alandur,13.004256,80.206136,399.2,2,Kathipara Urban Square,8991,0,0,Not scheduled in sampled trips,0,Operational,0.0,0.3295691452397498,0.125,15.2,Moderate (250–500m)
CMRL_24,OTA-Nanganallur Road,12.995455,80.1996,129.7,8,St Thomas Mount Railway Station,8887,0,0,Not scheduled in sampled trips,0,Operational,0.0,0.7977762334954829,0.5,43.3,Strong (<250m)
CMRL_25,Meenambakkam,12.987673,80.176479,61.0,3,Meeanambakkam Metro,8808,0,0,Not scheduled in sampled trips,0,Operational,0.0,0.9171299513551077,0.1875,36.8,Strong (<250m)
CMRL_26,Chennai International Airport,12.980809,80.164203,78.9,5,Airport Metro,10971,2,64,Blue Line + Inter-Corridor,1,Interchange,1.0,0.8860319666435024,0.3125,73.3,Strong (<250m)
CMRL_G01,Puratchi Thalaivar Dr. M.G. Ramachandran Central,13.081767,80.27391,22.9,13,Park Station,101,2,64,Green Line + Inter-Corridor,1,Interchange,1.0,0.9833217512161223,0.8125,93.2,Strong (<250m)
CMRL_G02,Egmore,13.080289,80.263054,45.1,12,Thinathanthi,9686,0,0,Not scheduled in sampled trips,0,Operational,0.0,0.944753300903405,0.75,56.5,Strong (<250m)
CMRL_G03,Nehru Park,13.078784,80.250473,52.8,8,Sangam Theatre,9671,0,0,Not scheduled in sampled trips,0,Operational,0.0,0.9313759555246699,0.5,47.7,Strong (<250m)
CMRL_G04,Kilpauk Medical College,13.074342,80.242421,368.0,5,Kmc Hospital,9656,0,0,Not scheduled in sampled trips,0,Operational,0.0,0.3837734537873523,0.3125,23.2,Moderate (250–500m)
CMRL_G05,Pachaiyappas College,13.070686,80.235973,588.9,0,Pachaiyappas College,5720,0,0,Not scheduled in sampled trips,0,Operational,0.0,0.0,0.0,0.0,Long (>500m)
CMRL_G06,Shenoy Nagar,13.066519,80.229087,119.0,7,Choolaimedu,5683,0,0,Not scheduled in sampled trips,0,Operational,0.0,0.8163655316191799,0.4375,41.8,Strong (<250m)
CMRL_G07,Anna Nagar East,13.057808,80.220368,566.1,0,Trustpuram,137,0,0,Not scheduled in sampled trips,0,Operational,0.0,0.03961084086170944,0.0,1.3,Long (>500m)
CMRL_G08,Anna Nagar Tower,13.051308,80.211329,179.8,9,Vadapalani Kovil,9432,0,0,Not scheduled in sampled trips,0,Operational,0.0,0.7107366226546212,0.5625,42.4,Strong (<250m)
CMRL_G09,Thirumangalam,13.044983,80.202075,487.9,1,Double Tank,5562,0,0,Not scheduled in sampled trips,0,Operational,0.0,0.17546907574704657,0.0625,7.9,Moderate (250–500m)
CMRL_G10,Koyambedu,13.035483,80.197363,187.2,11,Data Udupi Hotel,40,0,0,Not scheduled in sampled trips,0,Operational,0.0,0.6978804725503822,0.6875,46.2,Strong (<250m)
CMRL_G11,Koyambedu Depot,13.028636,80.195242,275.3,6,Anbu Wine Shop,10208,0,0,Not scheduled in sampled trips,0,Operational,0.0,0.5448227936066712,0.375,30.7,Moderate (250–500m)
CMRL_G12,Puratchi Thalaivi Dr. J. Jayalalithaa CMBT,13.0685,80.2041,123.7,10,M.G.R.Koyambedu Bus Terminus,5822,0,0,Not scheduled in sampled trips,0,Operational,0.0,0.8082001389854064,0.625,47.8,Strong (<250m)
CMRL_G13,Arumbakkam,13.0616,80.212,241.0,7,M.M.D.A.Colony,10272,0,0,Not scheduled in sampled trips,0,Operational,0.0,0.604412786657401,0.4375,34.7,Strong (<250m)
CMRL_G14,Vadapalani,13.0539,80.2153,329.9,4,Ram Theatre,115,0,0,Not scheduled in sampled trips,0,Operational,0.0,0.4499652536483669,0.25,23.3,Moderate (250–500m)
CMRL_G15,Ashok Nagar,13.037265,80.209551,188.9,14,Velankanni Matric Higher Secondary School,143,0,0,Not scheduled in sampled trips,0,Operational,0.0,0.6949270326615705,0.875,52.3,Strong (<250m)
CMRL_G16,Ekkattuthangal,13.017128,80.205302,25.8,7,Ekkattuthangal Or Ambal Nagar,10185,0,0,Not scheduled in sampled trips,0,Operational,0.0,0.9782835302293259,0.4375,47.2,Strong (<250m)
CMRL_G17,Arignar Anna Alandur,13.004256,80.206136,399.2,2,Kathipara Urban Square,8991,0,0,Not scheduled in sampled trips,0,Operational,0.0,0.3295691452397498,0.125,15.2,Moderate (250–500m)
CMRL_G18,St. Thomas Mount,13.000739,80.197151,124.8,6,St Thomas Mount Head Post Office,8966,1,32,Green Line,0,Operational,0.5,0.8062890896455871,0.375,56.0,Strong (<250m)
